UTC,Lokalzeit,Lufttemperatur
2021-12-12 00:00:00,2021-12-12 01:00:00,2.620369
2021-12-12 01:00:00,2021-12-12 02:00:00,2.303694
2021-12-12 02:00:00,2021-12-12 03:00:00,1.868576
2021-12-12 03:00:00,2021-12-12 04:00:00,1.263733
2021-12-12 04:00:00,2021-12-12 05:00:00,0.9220652
2021-12-12 05:00:00,2021-12-12 06:00:00,0.625207
2021-12-12 06:00:00,2021-12-12 07:00:00,0.3148167
2021-12-12 07:00:00,2021-12-12 08:00:00,0.2130708
2021-12-12 08:00:00,2021-12-12 09:00:00,0.5021042
2021-12-12 09:00:00,2021-12-12 10:00:00,1.112971
2021-12-12 10:00:00,2021-12-12 11:00:00,2.111103
2021-12-12 11:00:00,2021-12-12 12:00:00,3.296493
2021-12-12 12:00:00,2021-12-12 13:00:00,3.780614
2021-12-12 13:00:00,2021-12-12 14:00:00,4.905004
2021-12-12 14:00:00,2021-12-12 15:00:00,5.751591
2021-12-12 15:00:00,2021-12-12 16:00:00,5.922527
2021-12-12 16:00:00,2021-12-12 17:00:00,5.780716
2021-12-12 17:00:00,2021-12-12 18:00:00,5.315824
2021-12-12 18:00:00,2021-12-12 19:00:00,4.889657
2021-12-12 19:00:00,2021-12-12 20:00:00,4.555451
2021-12-12 20:00:00,2021-12-12 21:00:00,4.524875
2021-12-12 21:00:00,2021-12-12 22:00:00,4.60724
2021-12-12 22:00:00,2021-12-12 23:00:00,4.616951
2021-12-12 23:00:00,2021-12-13 00:00:00,4.793294
2021-12-13 00:00:00,2021-12-13 01:00:00,4.920958
2021-12-13 01:00:00,2021-12-13 02:00:00,5.210452
2021-12-13 02:00:00,2021-12-13 03:00:00,5.111493
2021-12-13 03:00:00,2021-12-13 04:00:00,4.683444
2021-12-13 04:00:00,2021-12-13 05:00:00,3.789137
2021-12-13 05:00:00,2021-12-13 06:00:00,3.350054
2021-12-13 06:00:00,2021-12-13 07:00:00,3.024318
2021-12-13 07:00:00,2021-12-13 08:00:00,2.683729
2021-12-13 08:00:00,2021-12-13 09:00:00,2.923671
2021-12-13 09:00:00,2021-12-13 10:00:00,2.924943
2021-12-13 10:00:00,2021-12-13 11:00:00,3.943239
2021-12-13 11:00:00,2021-12-13 12:00:00,5.793627
2021-12-13 12:00:00,2021-12-13 13:00:00,8.430618
2021-12-13 13:00:00,2021-12-13 14:00:00,9.846099
2021-12-13 14:00:00,2021-12-13 15:00:00,9.891508
2021-12-13 15:00:00,2021-12-13 16:00:00,8.406984
2021-12-13 16:00:00,2021-12-13 17:00:00,7.235691
2021-12-13 17:00:00,2021-12-13 18:00:00,5.736312
2021-12-13 18:00:00,2021-12-13 19:00:00,4.959928
2021-12-13 19:00:00,2021-12-13 20:00:00,4.289629
2021-12-13 20:00:00,2021-12-13 21:00:00,3.657797
2021-12-13 21:00:00,2021-12-13 22:00:00,3.175737
2021-12-13 22:00:00,2021-12-13 23:00:00,2.835404
2021-12-13 23:00:00,2021-12-14 00:00:00,2.977258
2021-12-14 00:00:00,2021-12-14 01:00:00,2.534303
2021-12-14 01:00:00,2021-12-14 02:00:00,2.145208
2021-12-14 02:00:00,2021-12-14 03:00:00,2.239158
2021-12-14 03:00:00,2021-12-14 04:00:00,1.687944
2021-12-14 04:00:00,2021-12-14 05:00:00,1.531975
2021-12-14 05:00:00,2021-12-14 06:00:00,1.234
2021-12-14 06:00:00,2021-12-14 07:00:00,1.649405
2021-12-14 07:00:00,2021-12-14 08:00:00,2.063154
2021-12-14 08:00:00,2021-12-14 09:00:00,2.225342
2021-12-14 09:00:00,2021-12-14 10:00:00,2.559954
2021-12-14 10:00:00,2021-12-14 11:00:00,3.13448
2021-12-14 11:00:00,2021-12-14 12:00:00,4.565532
2021-12-14 12:00:00,2021-12-14 13:00:00,4.027928
2021-12-14 13:00:00,2021-12-14 14:00:00,4.324934
2021-12-14 14:00:00,2021-12-14 15:00:00,4.485476
2021-12-14 15:00:00,2021-12-14 16:00:00,4.697997
2021-12-14 16:00:00,2021-12-14 17:00:00,4.618997
2021-12-14 17:00:00,2021-12-14 18:00:00,4.367371
2021-12-14 18:00:00,2021-12-14 19:00:00,3.989928
2021-12-14 19:00:00,2021-12-14 20:00:00,3.45917
2021-12-14 20:00:00,2021-12-14 21:00:00,3.1696
2021-12-14 21:00:00,2021-12-14 22:00:00,2.988919
2021-12-14 22:00:00,2021-12-14 23:00:00,3.203249
2021-12-14 23:00:00,2021-12-15 00:00:00,3.355405
2021-12-15 00:00:00,2021-12-15 01:00:00,3.413678
2021-12-15 01:00:00,2021-12-15 02:00:00,3.272234
2021-12-15 02:00:00,2021-12-15 03:00:00,3.272382
2021-12-15 03:00:00,2021-12-15 04:00:00,3.153969
2021-12-15 04:00:00,2021-12-15 05:00:00,3.236757
2021-12-15 05:00:00,2021-12-15 06:00:00,3.357379
2021-12-15 06:00:00,2021-12-15 07:00:00,3.431352
2021-12-15 07:00:00,2021-12-15 08:00:00,3.437766
2021-12-15 08:00:00,2021-12-15 09:00:00,3.297994
2021-12-15 09:00:00,2021-12-15 10:00:00,3.210137
2021-12-15 10:00:00,2021-12-15 11:00:00,3.553482
2021-12-15 11:00:00,2021-12-15 12:00:00,3.910635
2021-12-15 12:00:00,2021-12-15 13:00:00,4.063314
2021-12-15 13:00:00,2021-12-15 14:00:00,4.289742
2021-12-15 14:00:00,2021-12-15 15:00:00,4.38196
2021-12-15 15:00:00,2021-12-15 16:00:00,4.428482
2021-12-15 16:00:00,2021-12-15 17:00:00,4.506679
2021-12-15 17:00:00,2021-12-15 18:00:00,4.46974
2021-12-15 18:00:00,2021-12-15 19:00:00,4.376222
2021-12-15 19:00:00,2021-12-15 20:00:00,4.422246
2021-12-15 20:00:00,2021-12-15 21:00:00,4.30433
2021-12-15 21:00:00,2021-12-15 22:00:00,4.141157
2021-12-15 22:00:00,2021-12-15 23:00:00,4.144106
2021-12-15 23:00:00,2021-12-16 00:00:00,4.18836
2021-12-16 00:00:00,2021-12-16 01:00:00,4.018056
2021-12-16 01:00:00,2021-12-16 02:00:00,3.879855
2021-12-16 02:00:00,2021-12-16 03:00:00,3.820657
2021-12-16 03:00:00,2021-12-16 04:00:00,3.574151
2021-12-16 04:00:00,2021-12-16 05:00:00,3.41221
2021-12-16 05:00:00,2021-12-16 06:00:00,3.292232
2021-12-16 06:00:00,2021-12-16 07:00:00,3.012123
2021-12-16 07:00:00,2021-12-16 08:00:00,2.770231
2021-12-16 08:00:00,2021-12-16 09:00:00,2.834833
2021-12-16 09:00:00,2021-12-16 10:00:00,2.979378
2021-12-16 10:00:00,2021-12-16 11:00:00,3.836819
2021-12-16 11:00:00,2021-12-16 12:00:00,4.669
2021-12-16 12:00:00,2021-12-16 13:00:00,5.047847
2021-12-16 13:00:00,2021-12-16 14:00:00,5.28486
2021-12-16 14:00:00,2021-12-16 15:00:00,5.418278
2021-12-16 15:00:00,2021-12-16 16:00:00,5.432779
2021-12-16 16:00:00,2021-12-16 17:00:00,5.288179
2021-12-16 17:00:00,2021-12-16 18:00:00,5.122908
2021-12-16 18:00:00,2021-12-16 19:00:00,5.011429
2021-12-16 19:00:00,2021-12-16 20:00:00,4.714244
2021-12-16 20:00:00,2021-12-16 21:00:00,4.026611
2021-12-16 21:00:00,2021-12-16 22:00:00,3.283078
2021-12-16 22:00:00,2021-12-16 23:00:00,2.591625
2021-12-16 23:00:00,2021-12-17 00:00:00,2.095722
2021-12-17 00:00:00,2021-12-17 01:00:00,1.924124
2021-12-17 01:00:00,2021-12-17 02:00:00,1.787951
2021-12-17 02:00:00,2021-12-17 03:00:00,1.387035
2021-12-17 03:00:00,2021-12-17 04:00:00,1.194318
2021-12-17 04:00:00,2021-12-17 05:00:00,1.18947
2021-12-17 05:00:00,2021-12-17 06:00:00,1.119685
2021-12-17 06:00:00,2021-12-17 07:00:00,0.7257333
2021-12-17 07:00:00,2021-12-17 08:00:00,-0.03626944
2021-12-17 08:00:00,2021-12-17 09:00:00,0.2012986
2021-12-17 09:00:00,2021-12-17 10:00:00,0.6238763
2021-12-17 10:00:00,2021-12-17 11:00:00,1.924754
2021-12-17 11:00:00,2021-12-17 12:00:00,3.38024
2021-12-17 12:00:00,2021-12-17 13:00:00,5.401596
2021-12-17 13:00:00,2021-12-17 14:00:00,6.237943
2021-12-17 14:00:00,2021-12-17 15:00:00,6.159952
2021-12-17 15:00:00,2021-12-17 16:00:00,5.012086
2021-12-17 16:00:00,2021-12-17 17:00:00,3.799972
2021-12-17 17:00:00,2021-12-17 18:00:00,2.972321
2021-12-17 18:00:00,2021-12-17 19:00:00,2.539994
2021-12-17 19:00:00,2021-12-17 20:00:00,1.624903
2021-12-17 20:00:00,2021-12-17 21:00:00,0.4435389
2021-12-17 21:00:00,2021-12-17 22:00:00,0.7768194
2021-12-17 22:00:00,2021-12-17 23:00:00,0.5797027
2021-12-17 23:00:00,2021-12-18 00:00:00,0.3069264
2021-12-18 00:00:00,2021-12-18 01:00:00,-0.009719445
2021-12-18 01:00:00,2021-12-18 02:00:00,0.09973888
2021-12-18 02:00:00,2021-12-18 03:00:00,-0.02560278
2021-12-18 03:00:00,2021-12-18 04:00:00,-0.123975
2021-12-18 04:00:00,2021-12-18 05:00:00,-0.03139861
2021-12-18 05:00:00,2021-12-18 06:00:00,-0.3156083
2021-12-18 06:00:00,2021-12-18 07:00:00,-0.2927083
2021-12-18 07:00:00,2021-12-18 08:00:00,-0.1785416
2021-12-18 08:00:00,2021-12-18 09:00:00,-0.1998861
2021-12-18 09:00:00,2021-12-18 10:00:00,-0.1390611
2021-12-18 10:00:00,2021-12-18 11:00:00,-0.1706319
2021-12-18 11:00:00,2021-12-18 12:00:00,-0.06911389
2021-12-18 12:00:00,2021-12-18 13:00:00,0.2455792
2021-12-18 13:00:00,2021-12-18 14:00:00,0.6689347
2021-12-18 14:00:00,2021-12-18 15:00:00,1.229931
2021-12-18 15:00:00,2021-12-18 16:00:00,1.441371
2021-12-18 16:00:00,2021-12-18 17:00:00,1.00419
2021-12-18 17:00:00,2021-12-18 18:00:00,0.6379416
2021-12-18 18:00:00,2021-12-18 19:00:00,1.027882
2021-12-18 19:00:00,2021-12-18 20:00:00,1.5371
2021-12-18 20:00:00,2021-12-18 21:00:00,0.8516819
2021-12-18 21:00:00,2021-12-18 22:00:00,1.121936
2021-12-18 22:00:00,2021-12-18 23:00:00,1.151763
2021-12-18 23:00:00,2021-12-19 00:00:00,1.383579
2021-12-19 00:00:00,2021-12-19 01:00:00,1.561071
2021-12-19 01:00:00,2021-12-19 02:00:00,1.454881
2021-12-19 02:00:00,2021-12-19 03:00:00,1.33576
2021-12-19 03:00:00,2021-12-19 04:00:00,1.316461
2021-12-19 04:00:00,2021-12-19 05:00:00,1.040917
2021-12-19 05:00:00,2021-12-19 06:00:00,0.8826527
2021-12-19 06:00:00,2021-12-19 07:00:00,0.8508638
2021-12-19 07:00:00,2021-12-19 08:00:00,0.4609125
2021-12-19 08:00:00,2021-12-19 09:00:00,0.3855056
2021-12-19 09:00:00,2021-12-19 10:00:00,0.2517111
2021-12-19 10:00:00,2021-12-19 11:00:00,0.4101319
2021-12-19 11:00:00,2021-12-19 12:00:00,0.686057
2021-12-19 12:00:00,2021-12-19 13:00:00,0.9964555
2021-12-19 13:00:00,2021-12-19 14:00:00,1.222686
2021-12-19 14:00:00,2021-12-19 15:00:00,1.245533
2021-12-19 15:00:00,2021-12-19 16:00:00,1.015949
2021-12-19 16:00:00,2021-12-19 17:00:00,0.894143
2021-12-19 17:00:00,2021-12-19 18:00:00,0.6105916
2021-12-19 18:00:00,2021-12-19 19:00:00,0.4275361
2021-12-19 19:00:00,2021-12-19 20:00:00,0.2313819
2021-12-19 20:00:00,2021-12-19 21:00:00,0.1446333
2021-12-19 21:00:00,2021-12-19 22:00:00,0.06727639
2021-12-19 22:00:00,2021-12-19 23:00:00,-0.1120944
2021-12-19 23:00:00,2021-12-20 00:00:00,-0.01973055
2021-12-20 00:00:00,2021-12-20 01:00:00,-0.1122194
2021-12-20 01:00:00,2021-12-20 02:00:00,-0.3049042
2021-12-20 02:00:00,2021-12-20 03:00:00,-0.5235972
2021-12-20 03:00:00,2021-12-20 04:00:00,-0.4996139
2021-12-20 04:00:00,2021-12-20 05:00:00,-0.6154402
2021-12-20 05:00:00,2021-12-20 06:00:00,-0.8241569
2021-12-20 06:00:00,2021-12-20 07:00:00,-1.162219
2021-12-20 07:00:00,2021-12-20 08:00:00,-1.674708
2021-12-20 08:00:00,2021-12-20 09:00:00,-1.69844
2021-12-20 09:00:00,2021-12-20 10:00:00,-1.101175
2021-12-20 10:00:00,2021-12-20 11:00:00,0.1369764
2021-12-20 11:00:00,2021-12-20 12:00:00,1.657283
2021-12-20 12:00:00,2021-12-20 13:00:00,4.36119
2021-12-20 13:00:00,2021-12-20 14:00:00,5.600934
2021-12-20 14:00:00,2021-12-20 15:00:00,5.267094
2021-12-20 15:00:00,2021-12-20 16:00:00,4.35904
2021-12-20 16:00:00,2021-12-20 17:00:00,2.974407
2021-12-20 17:00:00,2021-12-20 18:00:00,1.545946
2021-12-20 18:00:00,2021-12-20 19:00:00,1.092433
2021-12-20 19:00:00,2021-12-20 20:00:00,1.602757
2021-12-20 20:00:00,2021-12-20 21:00:00,0.9451346
2021-12-20 21:00:00,2021-12-20 22:00:00,0.3321277
2021-12-20 22:00:00,2021-12-20 23:00:00,0.0663
2021-12-20 23:00:00,2021-12-21 00:00:00,0.120375
2021-12-21 00:00:00,2021-12-21 01:00:00,-0.629161
2021-12-21 01:00:00,2021-12-21 02:00:00,-1.29816
2021-12-21 02:00:00,2021-12-21 03:00:00,-1.888212
2021-12-21 03:00:00,2021-12-21 04:00:00,-2.663253
2021-12-21 04:00:00,2021-12-21 05:00:00,-3.954589
2021-12-21 05:00:00,2021-12-21 06:00:00,-4.560146
2021-12-21 06:00:00,2021-12-21 07:00:00,-4.774996
2021-12-21 07:00:00,2021-12-21 08:00:00,-4.951029
2021-12-21 08:00:00,2021-12-21 09:00:00,-4.75928
2021-12-21 09:00:00,2021-12-21 10:00:00,-4.39988
2021-12-21 10:00:00,2021-12-21 11:00:00,-4.021996
2021-12-21 11:00:00,2021-12-21 12:00:00,-3.682347
2021-12-21 12:00:00,2021-12-21 13:00:00,-2.918895
2021-12-21 13:00:00,2021-12-21 14:00:00,-2.680968
2021-12-21 14:00:00,2021-12-21 15:00:00,-2.625792
2021-12-21 15:00:00,2021-12-21 16:00:00,-2.559316
2021-12-21 16:00:00,2021-12-21 17:00:00,-2.360843
2021-12-21 17:00:00,2021-12-21 18:00:00,-2.227717
2021-12-21 18:00:00,2021-12-21 19:00:00,-2.289121
2021-12-21 19:00:00,2021-12-21 20:00:00,-2.502119
2021-12-21 20:00:00,2021-12-21 21:00:00,-2.687329
2021-12-21 21:00:00,2021-12-21 22:00:00,-2.883107
2021-12-21 22:00:00,2021-12-21 23:00:00,-3.308962
2021-12-21 23:00:00,2021-12-22 00:00:00,-4.252639
2021-12-22 00:00:00,2021-12-22 01:00:00,-4.641875
2021-12-22 01:00:00,2021-12-22 02:00:00,-4.861198
2021-12-22 02:00:00,2021-12-22 03:00:00,-5.037158
2021-12-22 03:00:00,2021-12-22 04:00:00,-5.058065
2021-12-22 04:00:00,2021-12-22 05:00:00,-5.47963
2021-12-22 05:00:00,2021-12-22 06:00:00,-5.769029
2021-12-22 06:00:00,2021-12-22 07:00:00,-5.902816
2021-12-22 07:00:00,2021-12-22 08:00:00,-6.254793
2021-12-22 08:00:00,2021-12-22 09:00:00,-6.327441
2021-12-22 09:00:00,2021-12-22 10:00:00,-5.532029
2021-12-22 10:00:00,2021-12-22 11:00:00,-4.291953
2021-12-22 11:00:00,2021-12-22 12:00:00,-2.537411
2021-12-22 12:00:00,2021-12-22 13:00:00,0.2736278
2021-12-22 13:00:00,2021-12-22 14:00:00,1.301586
2021-12-22 14:00:00,2021-12-22 15:00:00,1.275792
2021-12-22 15:00:00,2021-12-22 16:00:00,0.3592361
2021-12-22 16:00:00,2021-12-22 17:00:00,-0.5540236
2021-12-22 17:00:00,2021-12-22 18:00:00,-1.420919
2021-12-22 18:00:00,2021-12-22 19:00:00,-1.943715
2021-12-22 19:00:00,2021-12-22 20:00:00,-2.354265
2021-12-22 20:00:00,2021-12-22 21:00:00,-2.73825
2021-12-22 21:00:00,2021-12-22 22:00:00,-3.076847
2021-12-22 22:00:00,2021-12-22 23:00:00,-3.598304
2021-12-22 23:00:00,2021-12-23 00:00:00,-3.80959
2021-12-23 00:00:00,2021-12-23 01:00:00,-3.93782
2021-12-23 01:00:00,2021-12-23 02:00:00,-4.055744
2021-12-23 02:00:00,2021-12-23 03:00:00,-3.816582
2021-12-23 03:00:00,2021-12-23 04:00:00,-3.411068
2021-12-23 04:00:00,2021-12-23 05:00:00,-2.84879
2021-12-23 05:00:00,2021-12-23 06:00:00,-2.597128
2021-12-23 06:00:00,2021-12-23 07:00:00,-1.522255
2021-12-23 07:00:00,2021-12-23 08:00:00,0.08809166
2021-12-23 08:00:00,2021-12-23 09:00:00,0.2530069
2021-12-23 09:00:00,2021-12-23 10:00:00,1.686892
2021-12-23 10:00:00,2021-12-23 11:00:00,6.309369
2021-12-23 11:00:00,2021-12-23 12:00:00,7.550002
2021-12-23 12:00:00,2021-12-23 13:00:00,8.129131
2021-12-23 13:00:00,2021-12-23 14:00:00,10.54531
2021-12-23 14:00:00,2021-12-23 15:00:00,8.950989
2021-12-23 15:00:00,2021-12-23 16:00:00,8.759533
2021-12-23 16:00:00,2021-12-23 17:00:00,9.809066
2021-12-23 17:00:00,2021-12-23 18:00:00,9.554322
2021-12-23 18:00:00,2021-12-23 19:00:00,9.70368
2021-12-23 19:00:00,2021-12-23 20:00:00,10.40316
2021-12-23 20:00:00,2021-12-23 21:00:00,10.55715
2021-12-23 21:00:00,2021-12-23 22:00:00,11.28975
2021-12-23 22:00:00,2021-12-23 23:00:00,10.93794
2021-12-23 23:00:00,2021-12-24 00:00:00,10.57843
2021-12-24 00:00:00,2021-12-24 01:00:00,11.24919
2021-12-24 01:00:00,2021-12-24 02:00:00,10.98315
2021-12-24 02:00:00,2021-12-24 03:00:00,10.70231
2021-12-24 03:00:00,2021-12-24 04:00:00,10.68877
2021-12-24 04:00:00,2021-12-24 05:00:00,10.48115
2021-12-24 05:00:00,2021-12-24 06:00:00,10.4369
2021-12-24 06:00:00,2021-12-24 07:00:00,10.219
2021-12-24 07:00:00,2021-12-24 08:00:00,9.899338
2021-12-24 08:00:00,2021-12-24 09:00:00,9.273805
2021-12-24 09:00:00,2021-12-24 10:00:00,8.476546
2021-12-24 10:00:00,2021-12-24 11:00:00,8.447838
2021-12-24 11:00:00,2021-12-24 12:00:00,8.63411
2021-12-24 12:00:00,2021-12-24 13:00:00,9.068174
2021-12-24 13:00:00,2021-12-24 14:00:00,9.389134
2021-12-24 14:00:00,2021-12-24 15:00:00,9.490195
2021-12-24 15:00:00,2021-12-24 16:00:00,9.615567
2021-12-24 16:00:00,2021-12-24 17:00:00,9.926865
2021-12-24 17:00:00,2021-12-24 18:00:00,10.2006
2021-12-24 18:00:00,2021-12-24 19:00:00,10.43004
2021-12-24 19:00:00,2021-12-24 20:00:00,10.55779
2021-12-24 20:00:00,2021-12-24 21:00:00,10.47183
2021-12-24 21:00:00,2021-12-24 22:00:00,10.30634
2021-12-24 22:00:00,2021-12-24 23:00:00,10.28407
2021-12-24 23:00:00,2021-12-25 00:00:00,10.28245
2021-12-25 00:00:00,2021-12-25 01:00:00,10.33193
2021-12-25 01:00:00,2021-12-25 02:00:00,11.02393
2021-12-25 02:00:00,2021-12-25 03:00:00,11.32056
2021-12-25 03:00:00,2021-12-25 04:00:00,11.55356
2021-12-25 04:00:00,2021-12-25 05:00:00,11.38751
2021-12-25 05:00:00,2021-12-25 06:00:00,11.23739
2021-12-25 06:00:00,2021-12-25 07:00:00,11.06966
2021-12-25 07:00:00,2021-12-25 08:00:00,10.95294
2021-12-25 08:00:00,2021-12-25 09:00:00,10.8915
2021-12-25 09:00:00,2021-12-25 10:00:00,10.81904
2021-12-25 10:00:00,2021-12-25 11:00:00,10.79257
2021-12-25 11:00:00,2021-12-25 12:00:00,10.81364
2021-12-25 12:00:00,2021-12-25 13:00:00,10.90453
2021-12-25 13:00:00,2021-12-25 14:00:00,10.78736
2021-12-25 14:00:00,2021-12-25 15:00:00,10.84826
2021-12-25 15:00:00,2021-12-25 16:00:00,10.65051
2021-12-25 16:00:00,2021-12-25 17:00:00,10.46503
2021-12-25 17:00:00,2021-12-25 18:00:00,10.02367
2021-12-25 18:00:00,2021-12-25 19:00:00,9.661054
2021-12-25 19:00:00,2021-12-25 20:00:00,9.401084
2021-12-25 20:00:00,2021-12-25 21:00:00,8.945485
2021-12-25 21:00:00,2021-12-25 22:00:00,8.658071
2021-12-25 22:00:00,2021-12-25 23:00:00,8.499242
2021-12-25 23:00:00,2021-12-26 00:00:00,8.305933
2021-12-26 00:00:00,2021-12-26 01:00:00,7.849955
2021-12-26 01:00:00,2021-12-26 02:00:00,6.460174
2021-12-26 02:00:00,2021-12-26 03:00:00,5.41651
2021-12-26 03:00:00,2021-12-26 04:00:00,4.936229
2021-12-26 04:00:00,2021-12-26 05:00:00,4.640092
2021-12-26 05:00:00,2021-12-26 06:00:00,4.576326
2021-12-26 06:00:00,2021-12-26 07:00:00,4.490587
2021-12-26 07:00:00,2021-12-26 08:00:00,4.343597
2021-12-26 08:00:00,2021-12-26 09:00:00,4.444386
2021-12-26 09:00:00,2021-12-26 10:00:00,4.515358
2021-12-26 10:00:00,2021-12-26 11:00:00,4.946084
2021-12-26 11:00:00,2021-12-26 12:00:00,5.55166
2021-12-26 12:00:00,2021-12-26 13:00:00,5.921226
2021-12-26 13:00:00,2021-12-26 14:00:00,6.59685
2021-12-26 14:00:00,2021-12-26 15:00:00,7.244104
2021-12-26 15:00:00,2021-12-26 16:00:00,7.917132
2021-12-26 16:00:00,2021-12-26 17:00:00,8.53559
2021-12-26 17:00:00,2021-12-26 18:00:00,8.555747
2021-12-26 18:00:00,2021-12-26 19:00:00,8.541617
2021-12-26 19:00:00,2021-12-26 20:00:00,8.42048
2021-12-26 20:00:00,2021-12-26 21:00:00,8.377811
2021-12-26 21:00:00,2021-12-26 22:00:00,8.561315
2021-12-26 22:00:00,2021-12-26 23:00:00,8.650965
2021-12-26 23:00:00,2021-12-27 00:00:00,8.563561
2021-12-27 00:00:00,2021-12-27 01:00:00,8.564133
2021-12-27 01:00:00,2021-12-27 02:00:00,8.774536
2021-12-27 02:00:00,2021-12-27 03:00:00,8.779257
2021-12-27 03:00:00,2021-12-27 04:00:00,8.462022
2021-12-27 04:00:00,2021-12-27 05:00:00,7.614895
2021-12-27 05:00:00,2021-12-27 06:00:00,7.535352
2021-12-27 06:00:00,2021-12-27 07:00:00,7.455883
2021-12-27 07:00:00,2021-12-27 08:00:00,6.785261
2021-12-27 08:00:00,2021-12-27 09:00:00,6.266726
2021-12-27 09:00:00,2021-12-27 10:00:00,6.253113
2021-12-27 10:00:00,2021-12-27 11:00:00,7.10134
2021-12-27 11:00:00,2021-12-27 12:00:00,8.056863
2021-12-27 12:00:00,2021-12-27 13:00:00,8.961265
2021-12-27 13:00:00,2021-12-27 14:00:00,8.688891
2021-12-27 14:00:00,2021-12-27 15:00:00,8.636689
2021-12-27 15:00:00,2021-12-27 16:00:00,9.650265
2021-12-27 16:00:00,2021-12-27 17:00:00,9.532343
2021-12-27 17:00:00,2021-12-27 18:00:00,9.76974
2021-12-27 18:00:00,2021-12-27 19:00:00,10.40271
2021-12-27 19:00:00,2021-12-27 20:00:00,10.2651
2021-12-27 20:00:00,2021-12-27 21:00:00,10.45119
2021-12-27 21:00:00,2021-12-27 22:00:00,10.63597
2021-12-27 22:00:00,2021-12-27 23:00:00,10.8419
2021-12-27 23:00:00,2021-12-28 00:00:00,10.9695
2021-12-28 00:00:00,2021-12-28 01:00:00,10.69532
2021-12-28 01:00:00,2021-12-28 02:00:00,10.71712
2021-12-28 02:00:00,2021-12-28 03:00:00,11.17919
2021-12-28 03:00:00,2021-12-28 04:00:00,11.34531
2021-12-28 04:00:00,2021-12-28 05:00:00,10.68126
2021-12-28 05:00:00,2021-12-28 06:00:00,10.22341
2021-12-28 06:00:00,2021-12-28 07:00:00,11.16704
2021-12-28 07:00:00,2021-12-28 08:00:00,11.27995
2021-12-28 08:00:00,2021-12-28 09:00:00,11.55767
2021-12-28 09:00:00,2021-12-28 10:00:00,11.80236
2021-12-28 10:00:00,2021-12-28 11:00:00,12.17171
2021-12-28 11:00:00,2021-12-28 12:00:00,12.75552
2021-12-28 12:00:00,2021-12-28 13:00:00,12.86765
2021-12-28 13:00:00,2021-12-28 14:00:00,12.75909
2021-12-28 14:00:00,2021-12-28 15:00:00,12.49642
2021-12-28 15:00:00,2021-12-28 16:00:00,11.93618
2021-12-28 16:00:00,2021-12-28 17:00:00,11.26363
2021-12-28 17:00:00,2021-12-28 18:00:00,10.95103
2021-12-28 18:00:00,2021-12-28 19:00:00,10.75891
2021-12-28 19:00:00,2021-12-28 20:00:00,10.87549
2021-12-28 20:00:00,2021-12-28 21:00:00,10.76988
2021-12-28 21:00:00,2021-12-28 22:00:00,10.78468
2021-12-28 22:00:00,2021-12-28 23:00:00,10.63354
2021-12-28 23:00:00,2021-12-29 00:00:00,10.53788
2021-12-29 00:00:00,2021-12-29 01:00:00,10.32888
2021-12-29 01:00:00,2021-12-29 02:00:00,10.06295
2021-12-29 02:00:00,2021-12-29 03:00:00,9.851429
2021-12-29 03:00:00,2021-12-29 04:00:00,9.978965
2021-12-29 04:00:00,2021-12-29 05:00:00,9.917979
2021-12-29 05:00:00,2021-12-29 06:00:00,9.842886
2021-12-29 06:00:00,2021-12-29 07:00:00,9.78025
2021-12-29 07:00:00,2021-12-29 08:00:00,9.85549
2021-12-29 08:00:00,2021-12-29 09:00:00,10.03256
2021-12-29 09:00:00,2021-12-29 10:00:00,10.32533
2021-12-29 10:00:00,2021-12-29 11:00:00,9.856616
2021-12-29 11:00:00,2021-12-29 12:00:00,8.986376
2021-12-29 12:00:00,2021-12-29 13:00:00,9.111886
2021-12-29 13:00:00,2021-12-29 14:00:00,9.360958
2021-12-29 14:00:00,2021-12-29 15:00:00,9.629985
2021-12-29 15:00:00,2021-12-29 16:00:00,11.02271
2021-12-29 16:00:00,2021-12-29 17:00:00,11.93324
2021-12-29 17:00:00,2021-12-29 18:00:00,12.4265
2021-12-29 18:00:00,2021-12-29 19:00:00,13.08628
2021-12-29 19:00:00,2021-12-29 20:00:00,13.36529
2021-12-29 20:00:00,2021-12-29 21:00:00,13.79111
2021-12-29 21:00:00,2021-12-29 22:00:00,13.91001
2021-12-29 22:00:00,2021-12-29 23:00:00,13.91565
2021-12-29 23:00:00,2021-12-30 00:00:00,13.90628
2021-12-30 00:00:00,2021-12-30 01:00:00,13.78758
2021-12-30 01:00:00,2021-12-30 02:00:00,13.59637
2021-12-30 02:00:00,2021-12-30 03:00:00,13.7376
2021-12-30 03:00:00,2021-12-30 04:00:00,13.85612
2021-12-30 04:00:00,2021-12-30 05:00:00,14.01248
2021-12-30 05:00:00,2021-12-30 06:00:00,14.11508
2021-12-30 06:00:00,2021-12-30 07:00:00,13.91163
2021-12-30 07:00:00,2021-12-30 08:00:00,14.0318
2021-12-30 08:00:00,2021-12-30 09:00:00,14.18801
2021-12-30 09:00:00,2021-12-30 10:00:00,14.27529
2021-12-30 10:00:00,2021-12-30 11:00:00,14.53053
2021-12-30 11:00:00,2021-12-30 12:00:00,14.92565
2021-12-30 12:00:00,2021-12-30 13:00:00,15.41761
2021-12-30 13:00:00,2021-12-30 14:00:00,15.55821
2021-12-30 14:00:00,2021-12-30 15:00:00,15.53473
2021-12-30 15:00:00,2021-12-30 16:00:00,15.11041
2021-12-30 16:00:00,2021-12-30 17:00:00,14.82522
2021-12-30 17:00:00,2021-12-30 18:00:00,14.48954
2021-12-30 18:00:00,2021-12-30 19:00:00,14.53516
2021-12-30 19:00:00,2021-12-30 20:00:00,14.05647
2021-12-30 20:00:00,2021-12-30 21:00:00,13.85512
2021-12-30 21:00:00,2021-12-30 22:00:00,12.87813
2021-12-30 22:00:00,2021-12-30 23:00:00,11.76765
2021-12-30 23:00:00,2021-12-31 00:00:00,10.71227
2021-12-31 00:00:00,2021-12-31 01:00:00,9.895823
2021-12-31 01:00:00,2021-12-31 02:00:00,9.07295
2021-12-31 02:00:00,2021-12-31 03:00:00,8.577574
2021-12-31 03:00:00,2021-12-31 04:00:00,7.944589
2021-12-31 04:00:00,2021-12-31 05:00:00,7.653391
2021-12-31 05:00:00,2021-12-31 06:00:00,7.430768
2021-12-31 06:00:00,2021-12-31 07:00:00,7.668391
2021-12-31 07:00:00,2021-12-31 08:00:00,7.070066
2021-12-31 08:00:00,2021-12-31 09:00:00,6.98365
2021-12-31 09:00:00,2021-12-31 10:00:00,7.143761
2021-12-31 10:00:00,2021-12-31 11:00:00,8.483294
2021-12-31 11:00:00,2021-12-31 12:00:00,10.61624
2021-12-31 12:00:00,2021-12-31 13:00:00,13.29021
2021-12-31 13:00:00,2021-12-31 14:00:00,14.53149
2021-12-31 14:00:00,2021-12-31 15:00:00,16.78115
2021-12-31 15:00:00,2021-12-31 16:00:00,16.56737
2021-12-31 16:00:00,2021-12-31 17:00:00,15.65728
2021-12-31 17:00:00,2021-12-31 18:00:00,14.78416
2021-12-31 18:00:00,2021-12-31 19:00:00,14.39594
2021-12-31 19:00:00,2021-12-31 20:00:00,14.15576
2021-12-31 20:00:00,2021-12-31 21:00:00,14.33622
2021-12-31 21:00:00,2021-12-31 22:00:00,13.13711
2021-12-31 22:00:00,2021-12-31 23:00:00,11.67512
2021-12-31 23:00:00,2022-01-01 00:00:00,10.69463
2022-01-01 00:00:00,2022-01-01 01:00:00,9.456028
2022-01-01 01:00:00,2022-01-01 02:00:00,8.403416
2022-01-01 02:00:00,2022-01-01 03:00:00,7.65138
2022-01-01 03:00:00,2022-01-01 04:00:00,6.773254
2022-01-01 04:00:00,2022-01-01 05:00:00,6.69968
2022-01-01 05:00:00,2022-01-01 06:00:00,6.250162
2022-01-01 06:00:00,2022-01-01 07:00:00,6.695343
2022-01-01 07:00:00,2022-01-01 08:00:00,6.265502
2022-01-01 08:00:00,2022-01-01 09:00:00,6.127507
2022-01-01 09:00:00,2022-01-01 10:00:00,6.82099
2022-01-01 10:00:00,2022-01-01 11:00:00,8.109717
2022-01-01 11:00:00,2022-01-01 12:00:00,10.13801
2022-01-01 12:00:00,2022-01-01 13:00:00,13.39495
2022-01-01 13:00:00,2022-01-01 14:00:00,14.52002
2022-01-01 14:00:00,2022-01-01 15:00:00,15.19478
2022-01-01 15:00:00,2022-01-01 16:00:00,13.82226
2022-01-01 16:00:00,2022-01-01 17:00:00,11.97779
2022-01-01 17:00:00,2022-01-01 18:00:00,10.5156
2022-01-01 18:00:00,2022-01-01 19:00:00,9.644556
2022-01-01 19:00:00,2022-01-01 20:00:00,8.68386
2022-01-01 20:00:00,2022-01-01 21:00:00,7.776889
2022-01-01 21:00:00,2022-01-01 22:00:00,8.02339
2022-01-01 22:00:00,2022-01-01 23:00:00,7.93049
2022-01-01 23:00:00,2022-01-02 00:00:00,7.697947
2022-01-02 00:00:00,2022-01-02 01:00:00,7.869667
2022-01-02 01:00:00,2022-01-02 02:00:00,7.470271
2022-01-02 02:00:00,2022-01-02 03:00:00,7.489397
2022-01-02 03:00:00,2022-01-02 04:00:00,7.521319
2022-01-02 04:00:00,2022-01-02 05:00:00,7.458618
2022-01-02 05:00:00,2022-01-02 06:00:00,7.548756
2022-01-02 06:00:00,2022-01-02 07:00:00,7.136606
2022-01-02 07:00:00,2022-01-02 08:00:00,7.409304
2022-01-02 08:00:00,2022-01-02 09:00:00,7.55061
2022-01-02 09:00:00,2022-01-02 10:00:00,8.334786
2022-01-02 10:00:00,2022-01-02 11:00:00,11.98438
2022-01-02 11:00:00,2022-01-02 12:00:00,14.26936
2022-01-02 12:00:00,2022-01-02 13:00:00,14.95611
2022-01-02 13:00:00,2022-01-02 14:00:00,15.96638
2022-01-02 14:00:00,2022-01-02 15:00:00,16.61951
2022-01-02 15:00:00,2022-01-02 16:00:00,16.25834
2022-01-02 16:00:00,2022-01-02 17:00:00,15.71927
2022-01-02 17:00:00,2022-01-02 18:00:00,15.4098
2022-01-02 18:00:00,2022-01-02 19:00:00,14.72958
2022-01-02 19:00:00,2022-01-02 20:00:00,14.29417
2022-01-02 20:00:00,2022-01-02 21:00:00,13.59734
2022-01-02 21:00:00,2022-01-02 22:00:00,13.06351
2022-01-02 22:00:00,2022-01-02 23:00:00,12.83788
2022-01-02 23:00:00,2022-01-03 00:00:00,12.83453
2022-01-03 00:00:00,2022-01-03 01:00:00,12.63489
2022-01-03 01:00:00,2022-01-03 02:00:00,12.38663
2022-01-03 02:00:00,2022-01-03 03:00:00,12.24941
2022-01-03 03:00:00,2022-01-03 04:00:00,12.11319
2022-01-03 04:00:00,2022-01-03 05:00:00,11.89224
2022-01-03 05:00:00,2022-01-03 06:00:00,11.70867
2022-01-03 06:00:00,2022-01-03 07:00:00,11.55996
2022-01-03 07:00:00,2022-01-03 08:00:00,11.43326
2022-01-03 08:00:00,2022-01-03 09:00:00,11.34879
2022-01-03 09:00:00,2022-01-03 10:00:00,11.44825
2022-01-03 10:00:00,2022-01-03 11:00:00,11.56436
2022-01-03 11:00:00,2022-01-03 12:00:00,11.67004
2022-01-03 12:00:00,2022-01-03 13:00:00,11.75
2022-01-03 13:00:00,2022-01-03 14:00:00,11.97017
2022-01-03 14:00:00,2022-01-03 15:00:00,12.13736
2022-01-03 15:00:00,2022-01-03 16:00:00,12.20447
2022-01-03 16:00:00,2022-01-03 17:00:00,12.20041
2022-01-03 17:00:00,2022-01-03 18:00:00,12.18929
2022-01-03 18:00:00,2022-01-03 19:00:00,12.15464
2022-01-03 19:00:00,2022-01-03 20:00:00,12.34485
2022-01-03 20:00:00,2022-01-03 21:00:00,12.58664
2022-01-03 21:00:00,2022-01-03 22:00:00,12.89491
2022-01-03 22:00:00,2022-01-03 23:00:00,13.26868
2022-01-03 23:00:00,2022-01-04 00:00:00,13.08105
2022-01-04 00:00:00,2022-01-04 01:00:00,12.98401
2022-01-04 01:00:00,2022-01-04 02:00:00,12.86723
2022-01-04 02:00:00,2022-01-04 03:00:00,13.31505
2022-01-04 03:00:00,2022-01-04 04:00:00,13.55426
2022-01-04 04:00:00,2022-01-04 05:00:00,13.31064
2022-01-04 05:00:00,2022-01-04 06:00:00,12.63765
2022-01-04 06:00:00,2022-01-04 07:00:00,12.99091
2022-01-04 07:00:00,2022-01-04 08:00:00,14.49198
2022-01-04 08:00:00,2022-01-04 09:00:00,15.56527
2022-01-04 09:00:00,2022-01-04 10:00:00,15.29575
2022-01-04 11:00:00,2022-01-04 12:00:00,NA
2022-01-04 11:00:00,2022-01-04 12:00:00,16.21106
2022-01-04 12:00:00,2022-01-04 13:00:00,14.29725
2022-01-04 13:00:00,2022-01-04 14:00:00,13.75112
2022-01-04 14:00:00,2022-01-04 15:00:00,12.4063
2022-01-04 15:00:00,2022-01-04 16:00:00,12.3044
2022-01-04 16:00:00,2022-01-04 17:00:00,12.43578
2022-01-04 17:00:00,2022-01-04 18:00:00,9.905484
2022-01-04 18:00:00,2022-01-04 19:00:00,8.078015
2022-01-04 19:00:00,2022-01-04 20:00:00,7.278938
2022-01-04 20:00:00,2022-01-04 21:00:00,6.4874
2022-01-04 21:00:00,2022-01-04 22:00:00,5.948928
2022-01-04 22:00:00,2022-01-04 23:00:00,5.679956
2022-01-04 23:00:00,2022-01-05 00:00:00,5.02502
2022-01-05 00:00:00,2022-01-05 01:00:00,5.160006
2022-01-05 01:00:00,2022-01-05 02:00:00,5.729531
2022-01-05 02:00:00,2022-01-05 03:00:00,6.302929
2022-01-05 03:00:00,2022-01-05 04:00:00,6.397508
2022-01-05 04:00:00,2022-01-05 05:00:00,6.184479
2022-01-05 05:00:00,2022-01-05 06:00:00,5.813693
2022-01-05 06:00:00,2022-01-05 07:00:00,4.231824
2022-01-05 07:00:00,2022-01-05 08:00:00,3.981636
2022-01-05 08:00:00,2022-01-05 09:00:00,3.450122
2022-01-05 09:00:00,2022-01-05 10:00:00,3.110482
2022-01-05 10:00:00,2022-01-05 11:00:00,3.121942
2022-01-05 11:00:00,2022-01-05 12:00:00,3.349842
2022-01-05 12:00:00,2022-01-05 13:00:00,3.985227
2022-01-05 13:00:00,2022-01-05 14:00:00,4.385101
2022-01-05 14:00:00,2022-01-05 15:00:00,5.118108
2022-01-05 15:00:00,2022-01-05 16:00:00,4.205925
2022-01-05 16:00:00,2022-01-05 17:00:00,3.816732
2022-01-05 17:00:00,2022-01-05 18:00:00,3.467488
2022-01-05 18:00:00,2022-01-05 19:00:00,3.128615
2022-01-05 19:00:00,2022-01-05 20:00:00,3.060772
2022-01-05 20:00:00,2022-01-05 21:00:00,3.03196
2022-01-05 21:00:00,2022-01-05 22:00:00,3.060642
2022-01-05 22:00:00,2022-01-05 23:00:00,3.182623
2022-01-05 23:00:00,2022-01-06 00:00:00,3.159183
2022-01-06 00:00:00,2022-01-06 01:00:00,3.215486
2022-01-06 01:00:00,2022-01-06 02:00:00,3.044276
2022-01-06 02:00:00,2022-01-06 03:00:00,2.606319
2022-01-06 03:00:00,2022-01-06 04:00:00,2.298504
2022-01-06 04:00:00,2022-01-06 05:00:00,2.075639
2022-01-06 05:00:00,2022-01-06 06:00:00,2.035739
2022-01-06 06:00:00,2022-01-06 07:00:00,2.028519
2022-01-06 07:00:00,2022-01-06 08:00:00,1.927173
2022-01-06 08:00:00,2022-01-06 09:00:00,1.909478
2022-01-06 09:00:00,2022-01-06 10:00:00,1.942639
2022-01-06 10:00:00,2022-01-06 11:00:00,2.233597
2022-01-06 11:00:00,2022-01-06 12:00:00,2.545044
2022-01-06 12:00:00,2022-01-06 13:00:00,3.154735
2022-01-06 13:00:00,2022-01-06 14:00:00,3.613
2022-01-06 14:00:00,2022-01-06 15:00:00,3.86728
2022-01-06 15:00:00,2022-01-06 16:00:00,3.954021
2022-01-06 16:00:00,2022-01-06 17:00:00,3.632933
2022-01-06 17:00:00,2022-01-06 18:00:00,2.761918
2022-01-06 18:00:00,2022-01-06 19:00:00,1.911464
2022-01-06 19:00:00,2022-01-06 20:00:00,1.528811
2022-01-06 20:00:00,2022-01-06 21:00:00,1.214014
2022-01-06 21:00:00,2022-01-06 22:00:00,0.5477555
2022-01-06 22:00:00,2022-01-06 23:00:00,-0.00612361
2022-01-06 23:00:00,2022-01-07 00:00:00,-0.3566333
2022-01-07 00:00:00,2022-01-07 01:00:00,-0.666975
2022-01-07 01:00:00,2022-01-07 02:00:00,-0.8446499
2022-01-07 02:00:00,2022-01-07 03:00:00,-1.018994
2022-01-07 03:00:00,2022-01-07 04:00:00,-0.9759986
2022-01-07 04:00:00,2022-01-07 05:00:00,-0.9253861
2022-01-07 05:00:00,2022-01-07 06:00:00,-0.7991889
2022-01-07 06:00:00,2022-01-07 07:00:00,-0.6377361
2022-01-07 07:00:00,2022-01-07 08:00:00,-0.4381305
2022-01-07 08:00:00,2022-01-07 09:00:00,0.3646625
2022-01-07 09:00:00,2022-01-07 10:00:00,2.06691
2022-01-07 10:00:00,2022-01-07 11:00:00,2.974347
2022-01-07 11:00:00,2022-01-07 12:00:00,2.998005
2022-01-07 12:00:00,2022-01-07 13:00:00,2.814815
2022-01-07 13:00:00,2022-01-07 14:00:00,2.957037
2022-01-07 14:00:00,2022-01-07 15:00:00,3.140071
2022-01-07 15:00:00,2022-01-07 16:00:00,3.002982
2022-01-07 16:00:00,2022-01-07 17:00:00,3.478303
2022-01-07 17:00:00,2022-01-07 18:00:00,2.490865
2022-01-07 18:00:00,2022-01-07 19:00:00,2.411915
2022-01-07 19:00:00,2022-01-07 20:00:00,2.62483
2022-01-07 20:00:00,2022-01-07 21:00:00,2.917591
2022-01-07 21:00:00,2022-01-07 22:00:00,3.482978
2022-01-07 22:00:00,2022-01-07 23:00:00,3.716064
2022-01-07 23:00:00,2022-01-08 00:00:00,4.164068
2022-01-08 00:00:00,2022-01-08 01:00:00,4.974786
2022-01-08 01:00:00,2022-01-08 02:00:00,5.122918
2022-01-08 02:00:00,2022-01-08 03:00:00,4.096679
2022-01-08 03:00:00,2022-01-08 04:00:00,4.093502
2022-01-08 04:00:00,2022-01-08 05:00:00,4.056758
2022-01-08 05:00:00,2022-01-08 06:00:00,3.760683
2022-01-08 06:00:00,2022-01-08 07:00:00,3.332748
2022-01-08 07:00:00,2022-01-08 08:00:00,2.871797
2022-01-08 08:00:00,2022-01-08 09:00:00,2.57056
2022-01-08 09:00:00,2022-01-08 10:00:00,2.76019
2022-01-08 10:00:00,2022-01-08 11:00:00,3.008032
2022-01-08 11:00:00,2022-01-08 12:00:00,3.621011
2022-01-08 12:00:00,2022-01-08 13:00:00,4.400614
2022-01-08 13:00:00,2022-01-08 14:00:00,4.452084
2022-01-08 14:00:00,2022-01-08 15:00:00,4.733183
2022-01-08 15:00:00,2022-01-08 16:00:00,5.240068
2022-01-08 16:00:00,2022-01-08 17:00:00,5.488837
2022-01-08 17:00:00,2022-01-08 18:00:00,5.885617
2022-01-08 18:00:00,2022-01-08 19:00:00,6.092119
2022-01-08 19:00:00,2022-01-08 20:00:00,6.637918
2022-01-08 20:00:00,2022-01-08 21:00:00,7.220097
2022-01-08 21:00:00,2022-01-08 22:00:00,7.29589
2022-01-08 22:00:00,2022-01-08 23:00:00,7.585283
2022-01-08 23:00:00,2022-01-09 00:00:00,7.512154
2022-01-09 00:00:00,2022-01-09 01:00:00,6.556364
2022-01-09 01:00:00,2022-01-09 02:00:00,7.352521
2022-01-09 02:00:00,2022-01-09 03:00:00,7.213457
2022-01-09 03:00:00,2022-01-09 04:00:00,6.420163
2022-01-09 04:00:00,2022-01-09 05:00:00,4.916246
2022-01-09 05:00:00,2022-01-09 06:00:00,4.080862
2022-01-09 06:00:00,2022-01-09 07:00:00,4.145046
2022-01-09 07:00:00,2022-01-09 08:00:00,4.022939
2022-01-09 08:00:00,2022-01-09 09:00:00,4.033916
2022-01-09 09:00:00,2022-01-09 10:00:00,4.051103
2022-01-09 10:00:00,2022-01-09 11:00:00,4.244054
2022-01-09 11:00:00,2022-01-09 12:00:00,4.628186
2022-01-09 12:00:00,2022-01-09 13:00:00,4.34757
2022-01-09 13:00:00,2022-01-09 14:00:00,5.695816
2022-01-09 14:00:00,2022-01-09 15:00:00,5.791058
2022-01-09 15:00:00,2022-01-09 16:00:00,5.213943
2022-01-09 16:00:00,2022-01-09 17:00:00,4.937389
2022-01-09 17:00:00,2022-01-09 18:00:00,4.699854
2022-01-09 18:00:00,2022-01-09 19:00:00,4.515197
2022-01-09 19:00:00,2022-01-09 20:00:00,4.390097
2022-01-09 20:00:00,2022-01-09 21:00:00,4.005864
2022-01-09 21:00:00,2022-01-09 22:00:00,3.722669
2022-01-09 22:00:00,2022-01-09 23:00:00,3.579244
2022-01-09 23:00:00,2022-01-10 00:00:00,2.97725
2022-01-10 00:00:00,2022-01-10 01:00:00,2.698776
2022-01-10 01:00:00,2022-01-10 02:00:00,2.62015
2022-01-10 02:00:00,2022-01-10 03:00:00,2.60649
2022-01-10 03:00:00,2022-01-10 04:00:00,2.714707
2022-01-10 04:00:00,2022-01-10 05:00:00,2.537765
2022-01-10 05:00:00,2022-01-10 06:00:00,2.543892
2022-01-10 06:00:00,2022-01-10 07:00:00,2.550429
2022-01-10 07:00:00,2022-01-10 08:00:00,2.57451
2022-01-10 08:00:00,2022-01-10 09:00:00,2.674821
2022-01-10 09:00:00,2022-01-10 10:00:00,2.672599
2022-01-10 10:00:00,2022-01-10 11:00:00,2.949996
2022-01-10 11:00:00,2022-01-10 12:00:00,4.12586
2022-01-10 12:00:00,2022-01-10 13:00:00,4.204368
2022-01-10 13:00:00,2022-01-10 14:00:00,4.561897
2022-01-10 14:00:00,2022-01-10 15:00:00,5.607762
2022-01-10 15:00:00,2022-01-10 16:00:00,5.568227
2022-01-10 16:00:00,2022-01-10 17:00:00,4.714602
2022-01-10 17:00:00,2022-01-10 18:00:00,3.339874
2022-01-10 18:00:00,2022-01-10 19:00:00,2.053008
2022-01-10 19:00:00,2022-01-10 20:00:00,1.276622
2022-01-10 20:00:00,2022-01-10 21:00:00,0.8654541
2022-01-10 21:00:00,2022-01-10 22:00:00,0.5565347
2022-01-10 22:00:00,2022-01-10 23:00:00,0.5027834
2022-01-10 23:00:00,2022-01-11 00:00:00,1.977715
2022-01-11 00:00:00,2022-01-11 01:00:00,0.672675
2022-01-11 01:00:00,2022-01-11 02:00:00,0.3348111
2022-01-11 02:00:00,2022-01-11 03:00:00,-0.03312778
2022-01-11 03:00:00,2022-01-11 04:00:00,0.06829028
2022-01-11 04:00:00,2022-01-11 05:00:00,-0.1023125
2022-01-11 05:00:00,2022-01-11 06:00:00,-1.117528
2022-01-11 06:00:00,2022-01-11 07:00:00,-1.526536
2022-01-11 07:00:00,2022-01-11 08:00:00,-1.720929
2022-01-11 08:00:00,2022-01-11 09:00:00,-2.200881
2022-01-11 09:00:00,2022-01-11 10:00:00,-2.149128
2022-01-11 10:00:00,2022-01-11 11:00:00,-1.160381
2022-01-11 11:00:00,2022-01-11 12:00:00,-0.05928056
2022-01-11 12:00:00,2022-01-11 13:00:00,0.01260986
2022-01-11 13:00:00,2022-01-11 14:00:00,0.5027826
2022-01-11 14:00:00,2022-01-11 15:00:00,0.830081
2022-01-11 15:00:00,2022-01-11 16:00:00,1.194967
2022-01-11 16:00:00,2022-01-11 17:00:00,0.5583694
2022-01-11 17:00:00,2022-01-11 18:00:00,0.20245
2022-01-11 18:00:00,2022-01-11 19:00:00,-0.01646528
2022-01-11 19:00:00,2022-01-11 20:00:00,-0.2079347
2022-01-11 20:00:00,2022-01-11 21:00:00,-0.5745847
