dttm,th,origin
2021-12-13T00:00:00Z,4.588,H
2021-12-13T01:00:00Z,4.675,H
2021-12-13T02:00:00Z,5.434,R
2021-12-13T03:00:00Z,4.658,H
2021-12-13T04:00:00Z,4.066,H
2021-12-13T05:00:00Z,2.819,H
2021-12-13T06:00:00Z,2.285,H
2021-12-13T07:00:00Z,1.854,H
2021-12-13T08:00:00Z,1.746,H
2021-12-13T09:00:00Z,2.408,H
2021-12-13T10:00:00Z,3.787,H
2021-12-13T11:00:00Z,5.362,H
2021-12-13T12:00:00Z,8.705,R
2021-12-13T13:00:00Z,10.099,R
2021-12-13T14:00:00Z,10.145,R
2021-12-13T15:00:00Z,7.781,H
2021-12-13T16:00:00Z,6.029,H
2021-12-13T17:00:00Z,4.605,H
2021-12-13T18:00:00Z,3.788,H
2021-12-13T19:00:00Z,3.049,H
2021-12-13T20:00:00Z,2.356,H
2021-12-13T21:00:00Z,1.836,H
2021-12-13T22:00:00Z,1.674,H
2021-12-13T23:00:00Z,1.493,H
2021-12-14T00:00:00Z,0.875,H
2021-12-14T01:00:00Z,0.563,H
2021-12-14T02:00:00Z,0.25,H
2021-12-14T03:00:00Z,0.084,H
2021-12-14T04:00:00Z,0.416,H
2021-12-14T05:00:00Z,1.13,H
2021-12-14T06:00:00Z,1.439,H
2021-12-14T07:00:00Z,1.62,H
2021-12-14T08:00:00Z,2.213,H
2021-12-14T09:00:00Z,2.534,H
2021-12-14T10:00:00Z,3.418,H
2021-12-14T11:00:00Z,5.38,H
2021-12-14T12:00:00Z,5.483,H
2021-12-14T13:00:00Z,7.295,H
2021-12-14T14:00:00Z,5.586,H
2021-12-14T15:00:00Z,5.484,H
2021-12-14T16:00:00Z,4.553,H
2021-12-14T17:00:00Z,3.543,H
2021-12-14T18:00:00Z,3.648,H
2021-12-14T19:00:00Z,3.455,H
2021-12-14T20:00:00Z,3.402,H
2021-12-14T21:00:00Z,3.261,H
2021-12-14T22:00:00Z,3.208,H
2021-12-14T23:00:00Z,3.349,H
2021-12-15T00:00:00Z,3.762,R
2021-12-15T01:00:00Z,3.622,R
2021-12-15T02:00:00Z,3.622,R
2021-12-15T03:00:00Z,3.613,H
2021-12-15T04:00:00Z,3.665,H
2021-12-15T05:00:00Z,3.665,H
2021-12-15T06:00:00Z,3.56,H
2021-12-15T07:00:00Z,3.786,R
2021-12-15T08:00:00Z,3.332,H
2021-12-15T09:00:00Z,3.49,H
2021-12-15T10:00:00Z,3.788,H
2021-12-15T11:00:00Z,4.346,H
2021-12-15T12:00:00Z,4.398,H
2021-12-15T13:00:00Z,4.415,H
2021-12-15T14:00:00Z,4.716,R
2021-12-15T15:00:00Z,4.554,H
2021-12-15T16:00:00Z,4.432,H
2021-12-15T17:00:00Z,4.346,H
2021-12-15T18:00:00Z,4.276,H
2021-12-15T19:00:00Z,4.755,R
2021-12-15T20:00:00Z,4.639,R
2021-12-15T21:00:00Z,4.12,H
2021-12-15T22:00:00Z,4.481,R
2021-12-15T23:00:00Z,4.525,R
2021-12-16T00:00:00Z,3.98,H
2021-12-16T01:00:00Z,4.221,R
2021-12-16T02:00:00Z,4.163,R
2021-12-16T03:00:00Z,3.63,H
2021-12-16T04:00:00Z,3.454,H
2021-12-16T05:00:00Z,3.296,H
2021-12-16T06:00:00Z,3.014,H
2021-12-16T07:00:00Z,2.374,H
2021-12-16T08:00:00Z,2.464,H
2021-12-16T09:00:00Z,3.172,H
2021-12-16T10:00:00Z,4.171,H
2021-12-16T11:00:00Z,5.449,H
2021-12-16T12:00:00Z,5.757,H
2021-12-16T13:00:00Z,5.791,H
2021-12-16T14:00:00Z,5.911,H
2021-12-16T15:00:00Z,5.774,H
2021-12-16T16:00:00Z,5.484,H
2021-12-16T17:00:00Z,5.227,H
2021-12-16T18:00:00Z,4.917,H
2021-12-16T19:00:00Z,4.258,H
2021-12-16T20:00:00Z,3.119,H
2021-12-16T21:00:00Z,2.303,H
2021-12-16T22:00:00Z,1.8,H
2021-12-16T23:00:00Z,1.039,H
2021-12-17T00:00:00Z,0.711,H
2021-12-17T01:00:00Z,0.471,H
2021-12-17T02:00:00Z,0.158,H
2021-12-17T03:00:00Z,0.047,H
2021-12-17T04:00:00Z,0.342,H
2021-12-17T05:00:00Z,0.214,H
2021-12-17T06:00:00Z,0.434,H
2021-12-17T07:00:00Z,0.082,H
2021-12-17T08:00:00Z,-0.177,H
2021-12-17T09:00:00Z,0.746,H
2021-12-17T10:00:00Z,2.799,H
2021-12-17T11:00:00Z,3.577,H
2021-12-17T12:00:00Z,5.721,R
2021-12-17T13:00:00Z,6.545,R
2021-12-17T14:00:00Z,6.468,R
2021-12-17T15:00:00Z,4.968,H
2021-12-17T16:00:00Z,3.769,H
2021-12-17T17:00:00Z,2.231,H
2021-12-17T18:00:00Z,1.583,H
2021-12-17T19:00:00Z,1.039,H
2021-12-17T20:00:00Z,0.287,H
2021-12-17T21:00:00Z,-0.195,H
2021-12-17T22:00:00Z,-0.643,H
2021-12-17T23:00:00Z,0.701,R
2021-12-18T00:00:00Z,-1.02,H
2021-12-18T01:00:00Z,-1.303,H
2021-12-18T02:00:00Z,-0.756,H
2021-12-18T03:00:00Z,-0.606,H
2021-12-18T04:00:00Z,-0.4,H
2021-12-18T05:00:00Z,-0.606,H
2021-12-18T06:00:00Z,-0.906,H
2021-12-18T07:00:00Z,-0.605,H
2021-12-18T08:00:00Z,-0.418,H
2021-12-18T09:00:00Z,-0.306,H
2021-12-18T10:00:00Z,0.306,H
2021-12-18T11:00:00Z,0.563,H
2021-12-18T12:00:00Z,0.655,H
2021-12-18T13:00:00Z,1.13,H
2021-12-18T14:00:00Z,1.511,H
2021-12-18T15:00:00Z,1.602,H
2021-12-18T16:00:00Z,1.166,H
2021-12-18T17:00:00Z,0.618,H
2021-12-18T18:00:00Z,0.655,H
2021-12-18T19:00:00Z,0.765,H
2021-12-18T20:00:00Z,0.582,H
2021-12-18T21:00:00Z,0.857,H
2021-12-18T22:00:00Z,1.112,H
2021-12-18T23:00:00Z,1.348,H
2021-12-19T00:00:00Z,1.936,R
2021-12-19T01:00:00Z,1.832,R
2021-12-19T02:00:00Z,1.385,H
2021-12-19T03:00:00Z,1.239,H
2021-12-19T04:00:00Z,1.039,H
2021-12-19T05:00:00Z,0.893,H
2021-12-19T06:00:00Z,1.237,R
2021-12-19T07:00:00Z,0.49,H
2021-12-19T08:00:00Z,0.38,H
2021-12-19T09:00:00Z,0.508,H
2021-12-19T10:00:00Z,0.857,H
2021-12-19T11:00:00Z,1.385,H
2021-12-19T12:00:00Z,1.746,H
2021-12-19T13:00:00Z,2.016,H
2021-12-19T14:00:00Z,2.016,H
2021-12-19T15:00:00Z,1.818,H
2021-12-19T16:00:00Z,1.403,H
2021-12-19T17:00:00Z,0.545,H
2021-12-19T18:00:00Z,0.361,H
2021-12-19T19:00:00Z,0.342,H
2021-12-19T20:00:00Z,-0.009,H
2021-12-19T21:00:00Z,0.084,H
2021-12-19T22:00:00Z,-0.176,H
2021-12-19T23:00:00Z,-0.065,H
2021-12-20T00:00:00Z,-0.083,H
2021-12-20T01:00:00Z,0.098,R
2021-12-20T02:00:00Z,-0.437,H
2021-12-20T03:00:00Z,-0.549,H
2021-12-20T04:00:00Z,-0.549,H
2021-12-20T05:00:00Z,-0.831,H
2021-12-20T06:00:00Z,-1.304,H
2021-12-20T07:00:00Z,-1.992,H
2021-12-20T08:00:00Z,-2.088,H
2021-12-20T09:00:00Z,-0.892,H
2021-12-20T10:00:00Z,0.673,H
2021-12-20T11:00:00Z,1.727,H
2021-12-20T12:00:00Z,4.695,R
2021-12-20T13:00:00Z,5.917,R
2021-12-20T14:00:00Z,5.588,R
2021-12-20T15:00:00Z,4.414,H
2021-12-20T16:00:00Z,2.656,H
2021-12-20T17:00:00Z,0.874,H
2021-12-20T18:00:00Z,0.582,H
2021-12-20T19:00:00Z,-0.288,H
2021-12-20T20:00:00Z,-0.812,H
2021-12-20T21:00:00Z,-1.285,H
2021-12-20T22:00:00Z,-1.418,H
2021-12-20T23:00:00Z,-1.895,H
2021-12-21T00:00:00Z,-2.184,H
2021-12-21T01:00:00Z,-2.571,H
2021-12-21T02:00:00Z,-2.981,H
2021-12-21T03:00:00Z,-3.178,H
2021-12-21T04:00:00Z,-3.04,H
2021-12-21T05:00:00Z,-3.693,H
2021-12-21T06:00:00Z,-4.192,H
2021-12-21T07:00:00Z,-4.433,H
2021-12-21T08:00:00Z,-4.656,H
2021-12-21T09:00:00Z,-4.113,H
2021-12-21T10:00:00Z,-3.276,H
2021-12-21T11:00:00Z,-3.021,H
2021-12-21T12:00:00Z,-2.533,H
2021-12-21T13:00:00Z,-2.184,H
2021-12-21T14:00:00Z,-2.068,H
2021-12-21T15:00:00Z,-2.145,H
2021-12-21T16:00:00Z,-2.203,H
2021-12-21T17:00:00Z,-2.03,H
2021-12-21T18:00:00Z,-2.203,H
2021-12-21T19:00:00Z,-2.338,H
2021-12-21T20:00:00Z,-2.552,H
2021-12-21T21:00:00Z,-2.766,H
2021-12-21T22:00:00Z,-3.217,H
2021-12-21T23:00:00Z,-4.577,H
2021-12-22T00:00:00Z,-5.517,H
2021-12-22T01:00:00Z,-5.912,H
2021-12-22T02:00:00Z,-6.162,H
2021-12-22T03:00:00Z,-6.12,H
2021-12-22T04:00:00Z,-6.246,H
2021-12-22T05:00:00Z,-6.584,H
2021-12-22T06:00:00Z,-6.457,H
2021-12-22T07:00:00Z,-6.647,H
2021-12-22T08:00:00Z,-6.648,H
2021-12-22T09:00:00Z,-5.582,H
2021-12-22T10:00:00Z,-4.012,H
2021-12-22T11:00:00Z,-2.554,H
2021-12-22T12:00:00Z,0.668,R
2021-12-22T13:00:00Z,1.681,R
2021-12-22T14:00:00Z,1.656,R
2021-12-22T15:00:00Z,-0.158,H
2021-12-22T16:00:00Z,-1.248,H
2021-12-22T17:00:00Z,-2.436,H
2021-12-22T18:00:00Z,-3.02,H
2021-12-22T19:00:00Z,-3.494,H
2021-12-22T20:00:00Z,-4.092,H
2021-12-22T21:00:00Z,-4.555,H
2021-12-22T22:00:00Z,-5.003,H
2021-12-22T23:00:00Z,-5.187,H
2021-12-23T00:00:00Z,-5.393,H
2021-12-23T01:00:00Z,-5.351,H
2021-12-23T02:00:00Z,-5.003,H
2021-12-23T03:00:00Z,-4.434,H
2021-12-23T04:00:00Z,-3.514,H
2021-12-23T05:00:00Z,-3.158,H
2021-12-23T06:00:00Z,-2.533,H
2021-12-23T07:00:00Z,-2.261,H
2021-12-23T08:00:00Z,-2.145,H
2021-12-23T09:00:00Z,-0.8,H
2021-12-23T10:00:00Z,6.614,R
2021-12-23T11:00:00Z,7.849,H
2021-12-23T12:00:00Z,8.408,R
2021-12-23T13:00:00Z,10.788,R
2021-12-23T14:00:00Z,9.324,H
2021-12-23T15:00:00Z,9.06,H
2021-12-23T16:00:00Z,10.046,H
2021-12-23T17:00:00Z,9.702,H
2021-12-23T18:00:00Z,10.748,H
2021-12-23T19:00:00Z,10.683,H
2021-12-23T20:00:00Z,10.618,H
2021-12-23T21:00:00Z,10.797,H
2021-12-23T22:00:00Z,10.732,H
2021-12-23T23:00:00Z,10.846,H
2021-12-24T00:00:00Z,11.22,H
2021-12-24T01:00:00Z,10.96,H
2021-12-24T02:00:00Z,10.537,H
2021-12-24T03:00:00Z,10.602,H
2021-12-24T04:00:00Z,10.52,H
2021-12-24T05:00:00Z,10.373,H
2021-12-24T06:00:00Z,10.128,H
2021-12-24T07:00:00Z,9.817,H
2021-12-24T08:00:00Z,9.307,H
2021-12-24T09:00:00Z,8.663,H
2021-12-24T10:00:00Z,8.348,H
2021-12-24T11:00:00Z,8.63,H
2021-12-24T12:00:00Z,9.126,H
2021-12-24T13:00:00Z,9.308,H
2021-12-24T14:00:00Z,9.324,H
2021-12-24T15:00:00Z,9.209,H
2021-12-24T16:00:00Z,9.406,H
2021-12-24T17:00:00Z,9.784,H
2021-12-24T18:00:00Z,10.014,H
2021-12-24T19:00:00Z,10.243,H
2021-12-24T20:00:00Z,10.128,H
2021-12-24T21:00:00Z,9.932,H
2021-12-24T22:00:00Z,9.849,H
2021-12-24T23:00:00Z,9.768,H
2021-12-25T00:00:00Z,9.964,H
2021-12-25T01:00:00Z,10.504,H
2021-12-25T02:00:00Z,10.879,H
2021-12-25T03:00:00Z,11.025,H
2021-12-25T04:00:00Z,10.976,H
2021-12-25T05:00:00Z,10.846,H
2021-12-25T06:00:00Z,10.797,H
2021-12-25T07:00:00Z,10.7,H
2021-12-25T08:00:00Z,10.716,H
2021-12-25T09:00:00Z,10.716,H
2021-12-25T10:00:00Z,10.911,H
2021-12-25T11:00:00Z,11.236,H
2021-12-25T12:00:00Z,11.285,H
2021-12-25T13:00:00Z,11.155,H
2021-12-25T14:00:00Z,11.041,H
2021-12-25T15:00:00Z,10.797,H
2021-12-25T16:00:00Z,10.013,H
2021-12-25T17:00:00Z,9.11,H
2021-12-25T18:00:00Z,8.812,H
2021-12-25T19:00:00Z,8.713,H
2021-12-25T20:00:00Z,8.348,H
2021-12-25T21:00:00Z,8.232,H
2021-12-25T22:00:00Z,8.066,H
2021-12-25T23:00:00Z,7.882,H
2021-12-26T00:00:00Z,7.749,H
2021-12-26T01:00:00Z,7.38,H
2021-12-26T02:00:00Z,6.369,H
2021-12-26T03:00:00Z,5.467,H
2021-12-26T04:00:00Z,5.227,H
2021-12-26T05:00:00Z,5.02,H
2021-12-26T06:00:00Z,4.917,H
2021-12-26T07:00:00Z,4.727,H
2021-12-26T08:00:00Z,4.796,H
2021-12-26T09:00:00Z,5.296,H
2021-12-26T10:00:00Z,6.063,H
2021-12-26T11:00:00Z,6.758,H
2021-12-26T12:00:00Z,7.28,H
2021-12-26T13:00:00Z,7.632,H
2021-12-26T14:00:00Z,7.999,H
2021-12-26T15:00:00Z,8.581,H
2021-12-26T16:00:00Z,8.597,H
2021-12-26T17:00:00Z,8.249,H
2021-12-26T18:00:00Z,8.215,H
2021-12-26T19:00:00Z,7.999,H
2021-12-26T20:00:00Z,7.966,H
2021-12-26T21:00:00Z,8.049,H
2021-12-26T22:00:00Z,7.999,H
2021-12-26T23:00:00Z,8.299,H
2021-12-27T00:00:00Z,8.663,H
2021-12-27T01:00:00Z,8.878,H
2021-12-27T02:00:00Z,8.879,H
2021-12-27T03:00:00Z,7.815,H
2021-12-27T04:00:00Z,7.347,H
2021-12-27T05:00:00Z,7.263,H
2021-12-27T06:00:00Z,7.213,H
2021-12-27T07:00:00Z,6.097,H
2021-12-27T08:00:00Z,5.398,H
2021-12-27T09:00:00Z,5.859,H
2021-12-27T10:00:00Z,7.027,H
2021-12-27T11:00:00Z,8.48,H
2021-12-27T12:00:00Z,9.587,H
2021-12-27T13:00:00Z,9.636,H
2021-12-27T14:00:00Z,9.093,H
2021-12-27T15:00:00Z,9.669,H
2021-12-27T16:00:00Z,9.225,H
2021-12-27T17:00:00Z,9.241,H
2021-12-27T18:00:00Z,10.226,H
2021-12-27T19:00:00Z,10.128,H
2021-12-27T20:00:00Z,10.21,H
2021-12-27T21:00:00Z,10.878,R
2021-12-27T22:00:00Z,10.537,H
2021-12-27T23:00:00Z,10.602,H
2021-12-28T00:00:00Z,10.488,H
2021-12-28T01:00:00Z,10.39,H
2021-12-28T02:00:00Z,10.292,H
2021-12-28T03:00:00Z,10.667,H
2021-12-28T04:00:00Z,10.585,H
2021-12-28T05:00:00Z,10.242,H
2021-12-28T06:00:00Z,11.285,H
2021-12-28T07:00:00Z,11.155,H
2021-12-28T08:00:00Z,11.366,H
2021-12-28T09:00:00Z,11.738,H
2021-12-28T10:00:00Z,12.255,H
2021-12-28T11:00:00Z,13.044,H
2021-12-28T12:00:00Z,13.381,H
2021-12-28T13:00:00Z,12.883,H
2021-12-28T14:00:00Z,12.352,H
2021-12-28T15:00:00Z,11.268,H
2021-12-28T16:00:00Z,10.846,H
2021-12-28T17:00:00Z,10.585,H
2021-12-28T18:00:00Z,10.471,H
2021-12-28T19:00:00Z,10.667,H
2021-12-28T20:00:00Z,10.504,H
2021-12-28T21:00:00Z,10.569,H
2021-12-28T22:00:00Z,10.455,H
2021-12-28T23:00:00Z,10.781,R
2021-12-29T00:00:00Z,10.226,H
2021-12-29T01:00:00Z,10.03,H
2021-12-29T02:00:00Z,9.883,H
2021-12-29T03:00:00Z,9.998,H
2021-12-29T04:00:00Z,9.916,H
2021-12-29T05:00:00Z,9.801,H
2021-12-29T06:00:00Z,9.702,H
2021-12-29T07:00:00Z,9.768,H
2021-12-29T08:00:00Z,9.916,H
2021-12-29T09:00:00Z,10.275,H
2021-12-29T10:00:00Z,10.193,H
2021-12-29T11:00:00Z,9.291,H
2021-12-29T12:00:00Z,9.406,H
2021-12-29T13:00:00Z,9.719,H
2021-12-29T14:00:00Z,9.636,H
2021-12-29T15:00:00Z,10.959,H
2021-12-29T16:00:00Z,11.835,H
2021-12-29T17:00:00Z,12.304,H
2021-12-29T18:00:00Z,12.851,H
2021-12-29T19:00:00Z,12.964,H
2021-12-29T20:00:00Z,13.494,H
2021-12-29T21:00:00Z,13.654,H
2021-12-29T22:00:00Z,13.75,H
2021-12-29T23:00:00Z,13.75,H
2021-12-30T00:00:00Z,13.622,H
2021-12-30T01:00:00Z,13.461,H
2021-12-30T02:00:00Z,13.686,H
2021-12-30T03:00:00Z,13.83,H
2021-12-30T04:00:00Z,14.054,H
2021-12-30T05:00:00Z,14.15,H
2021-12-30T06:00:00Z,14.07,H
2021-12-30T07:00:00Z,14.246,H
2021-12-30T08:00:00Z,14.357,H
2021-12-30T09:00:00Z,14.613,H
2021-12-30T10:00:00Z,15.027,H
2021-12-30T11:00:00Z,15.601,H
2021-12-30T12:00:00Z,16.014,H
2021-12-30T13:00:00Z,16.411,H
2021-12-30T14:00:00Z,15.998,H
2021-12-30T15:00:00Z,15.489,H
2021-12-30T16:00:00Z,15.075,H
2021-12-30T17:00:00Z,14.709,H
2021-12-30T18:00:00Z,14.772,H
2021-12-30T19:00:00Z,14.278,H
2021-12-30T20:00:00Z,13.83,H
2021-12-30T21:00:00Z,12.61,H
2021-12-30T22:00:00Z,10.682,H
2021-12-30T23:00:00Z,9.439,H
2021-12-31T00:00:00Z,8.614,H
2021-12-31T01:00:00Z,7.866,H
2021-12-31T02:00:00Z,7.364,H
2021-12-31T03:00:00Z,6.961,H
2021-12-31T04:00:00Z,6.505,H
2021-12-31T05:00:00Z,6.251,H
2021-12-31T06:00:00Z,6.251,H
2021-12-31T07:00:00Z,5.86,H
2021-12-31T08:00:00Z,5.638,H
2021-12-31T09:00:00Z,6.402,H
2021-12-31T10:00:00Z,8.38,H
2021-12-31T11:00:00Z,10.291,H
2021-12-31T12:00:00Z,13.493,R
2021-12-31T13:00:00Z,14.715,R
2021-12-31T14:00:00Z,16.932,R
2021-12-31T15:00:00Z,16.316,H
2021-12-31T16:00:00Z,15.33,H
2021-12-31T17:00:00Z,14.852,H
2021-12-31T18:00:00Z,14.054,H
2021-12-31T19:00:00Z,14.054,H
2021-12-31T20:00:00Z,14.246,H
2021-12-31T21:00:00Z,13.22,H
2021-12-31T22:00:00Z,11.641,H
2021-12-31T23:00:00Z,9.766,H
2022-01-01T00:00:00Z,8.048,H
2022-01-01T01:00:00Z,6.96,H
2022-01-01T02:00:00Z,6.013,H
2022-01-01T03:00:00Z,5.278,H
2022-01-01T04:00:00Z,5.192,H
2022-01-01T05:00:00Z,5.227,H
2022-01-01T06:00:00Z,5.037,H
2022-01-01T07:00:00Z,4.779,H
2022-01-01T08:00:00Z,4.813,H
2022-01-01T09:00:00Z,5.773,H
2022-01-01T10:00:00Z,7.547,H
2022-01-01T11:00:00Z,9.831,H
2022-01-01T12:00:00Z,12.124,H
2022-01-01T13:00:00Z,14.704,R
2022-01-01T14:00:00Z,15.37,R
2022-01-01T15:00:00Z,13.396,H
2022-01-01T16:00:00Z,11.348,H
2022-01-01T17:00:00Z,9.39,H
2022-01-01T18:00:00Z,8.315,H
2022-01-01T19:00:00Z,7.179,H
2022-01-01T20:00:00Z,6.387,H
2022-01-01T21:00:00Z,6.437,H
2022-01-01T22:00:00Z,6.03,H
2022-01-01T23:00:00Z,6.115,H
2022-01-02T00:00:00Z,6.455,H
2022-01-02T01:00:00Z,5.944,H
2022-01-02T02:00:00Z,5.569,H
2022-01-02T03:00:00Z,5.416,H
2022-01-02T04:00:00Z,5.398,H
2022-01-02T05:00:00Z,5.313,H
2022-01-02T06:00:00Z,5.175,H
2022-01-02T07:00:00Z,5.638,H
2022-01-02T08:00:00Z,6.132,H
2022-01-02T09:00:00Z,7.027,H
2022-01-02T10:00:00Z,12.206,R
2022-01-02T11:00:00Z,14.277,H
2022-01-02T12:00:00Z,14.788,H
2022-01-02T13:00:00Z,16.129,R
2022-01-02T14:00:00Z,16.84,H
2022-01-02T15:00:00Z,16.205,H
2022-01-02T16:00:00Z,15.505,H
2022-01-02T17:00:00Z,14.996,H
2022-01-02T18:00:00Z,14.453,H
2022-01-02T19:00:00Z,14.07,H
2022-01-02T20:00:00Z,13.493,H
2022-01-02T21:00:00Z,13.06,H
2022-01-02T22:00:00Z,12.771,H
2022-01-02T23:00:00Z,12.706,H
2022-01-03T00:00:00Z,12.561,H
2022-01-03T01:00:00Z,12.272,H
2022-01-03T02:00:00Z,12.094,H
2022-01-03T03:00:00Z,11.932,H
2022-01-03T04:00:00Z,11.706,H
2022-01-03T05:00:00Z,11.496,H
2022-01-03T06:00:00Z,11.383,H
2022-01-03T07:00:00Z,11.317,H
2022-01-03T08:00:00Z,11.285,H
2022-01-03T09:00:00Z,11.463,H
2022-01-03T10:00:00Z,11.738,H
2022-01-03T11:00:00Z,11.916,H
2022-01-03T12:00:00Z,12.126,H
2022-01-03T13:00:00Z,12.288,H
2022-01-03T14:00:00Z,12.465,H
2022-01-03T15:00:00Z,12.514,H
2022-01-03T16:00:00Z,12.175,H
2022-01-03T17:00:00Z,11.997,H
2022-01-03T18:00:00Z,11.965,H
2022-01-03T19:00:00Z,12.158,H
2022-01-03T20:00:00Z,12.417,H
2022-01-03T21:00:00Z,12.722,H
2022-01-03T22:00:00Z,13.06,H
2022-01-03T23:00:00Z,13.044,H
2022-01-04T00:00:00Z,12.964,H
2022-01-04T01:00:00Z,12.787,H
2022-01-04T02:00:00Z,13.205,H
2022-01-04T03:00:00Z,13.59,H
2022-01-04T04:00:00Z,13.333,H
2022-01-04T05:00:00Z,12.417,H
2022-01-04T06:00:00Z,12.642,H
2022-01-04T07:00:00Z,14.165,H
2022-01-04T08:00:00Z,15.33,H
2022-01-04T09:00:00Z,15.409,H
2022-01-04T10:00:00Z,15.903,H
2022-01-04T11:00:00Z,16.427,H
2022-01-04T12:00:00Z,15.489,H
2022-01-04T13:00:00Z,13.782,H
2022-01-04T14:00:00Z,12.158,H
2022-01-04T15:00:00Z,12.094,H
2022-01-04T16:00:00Z,12.272,H
2022-01-04T17:00:00Z,10.157,R
2022-01-04T18:00:00Z,7.665,H
2022-01-04T19:00:00Z,7.213,H
2022-01-04T20:00:00Z,6.234,H
2022-01-04T21:00:00Z,5.638,H
2022-01-04T22:00:00Z,5.433,H
2022-01-04T23:00:00Z,4.831,H
2022-01-05T00:00:00Z,4.536,H
2022-01-05T01:00:00Z,4.88,H
2022-01-05T02:00:00Z,6.013,H
2022-01-05T03:00:00Z,6.183,H
2022-01-05T04:00:00Z,6.098,H
2022-01-05T05:00:00Z,5.723,H
2022-01-05T06:00:00Z,3.943,H
2022-01-05T07:00:00Z,3.525,H
2022-01-05T08:00:00Z,3.172,H
2022-01-05T09:00:00Z,2.854,H
2022-01-05T10:00:00Z,3.119,H
2022-01-05T11:00:00Z,2.87,H
2022-01-05T12:00:00Z,3.875,H
2022-01-05T13:00:00Z,4.719,R
2022-01-05T14:00:00Z,5.441,R
2022-01-05T15:00:00Z,4.431,H
2022-01-05T16:00:00Z,3.736,H
2022-01-05T17:00:00Z,3.313,H
2022-01-05T18:00:00Z,3.084,H
2022-01-05T19:00:00Z,3.049,H
2022-01-05T20:00:00Z,3.386,R
2022-01-05T21:00:00Z,3.414,R
2022-01-05T22:00:00Z,2.996,H
2022-01-05T23:00:00Z,2.837,H
2022-01-06T00:00:00Z,3.137,H
2022-01-06T01:00:00Z,2.961,H
2022-01-06T02:00:00Z,2.285,H
2022-01-06T03:00:00Z,1.98,H
2022-01-06T04:00:00Z,1.8,H
2022-01-06T05:00:00Z,1.872,H
2022-01-06T06:00:00Z,1.872,H
2022-01-06T07:00:00Z,1.439,H
2022-01-06T08:00:00Z,1.348,H
2022-01-06T09:00:00Z,1.692,H
2022-01-06T10:00:00Z,2.481,H
2022-01-06T11:00:00Z,3.084,H
2022-01-06T12:00:00Z,4.119,H
2022-01-06T13:00:00Z,4.242,H
2022-01-06T14:00:00Z,4.45,H
2022-01-06T15:00:00Z,4.588,H
2022-01-06T16:00:00Z,3.242,H
2022-01-06T17:00:00Z,1.8,H
2022-01-06T18:00:00Z,1.076,H
2022-01-06T19:00:00Z,1.094,H
2022-01-06T20:00:00Z,0.692,H
2022-01-06T21:00:00Z,-0.195,H
2022-01-06T22:00:00Z,-0.793,H
2022-01-06T23:00:00Z,-1.133,H
2022-01-07T00:00:00Z,-1.437,H
2022-01-07T01:00:00Z,-1.494,H
2022-01-07T02:00:00Z,-1.646,H
2022-01-07T03:00:00Z,-1.665,H
2022-01-07T04:00:00Z,-1.646,H
2022-01-07T05:00:00Z,-1.418,H
2022-01-07T06:00:00Z,-1.171,H
2022-01-07T07:00:00Z,-0.831,H
2022-01-07T08:00:00Z,-0.737,H
2022-01-07T09:00:00Z,0.082,H
2022-01-07T10:00:00Z,2.816,H
2022-01-07T11:00:00Z,3.208,H
2022-01-07T12:00:00Z,3.349,H
2022-01-07T13:00:00Z,3.437,H
2022-01-07T14:00:00Z,3.648,H
2022-01-07T15:00:00Z,3.559,H
2022-01-07T16:00:00Z,3.683,H
2022-01-07T17:00:00Z,2.799,H
2022-01-07T18:00:00Z,2.481,H
2022-01-07T19:00:00Z,2.624,H
2022-01-07T20:00:00Z,2.943,H
2022-01-07T21:00:00Z,3.437,H
2022-01-07T22:00:00Z,3.507,H
2022-01-07T23:00:00Z,4.136,H
2022-01-08T00:00:00Z,4.865,H
2022-01-08T01:00:00Z,5.123,H
2022-01-08T02:00:00Z,4.189,H
2022-01-08T03:00:00Z,4.015,H
2022-01-08T04:00:00Z,3.946,H
2022-01-08T05:00:00Z,3.753,H
2022-01-08T06:00:00Z,3.437,H
2022-01-08T07:00:00Z,3.014,H
2022-01-08T08:00:00Z,2.588,H
2022-01-08T09:00:00Z,2.854,H
2022-01-08T10:00:00Z,3.402,H
2022-01-08T11:00:00Z,4.397,H
2022-01-08T12:00:00Z,4.64,H
2022-01-08T13:00:00Z,4.785,R
2022-01-08T14:00:00Z,6.047,H
2022-01-08T15:00:00Z,5.894,H
2022-01-08T16:00:00Z,5.723,H
2022-01-08T17:00:00Z,6.098,H
2022-01-08T18:00:00Z,6.401,R
2022-01-08T19:00:00Z,6.775,H
2022-01-08T20:00:00Z,7.179,H
2022-01-08T21:00:00Z,7.213,H
2022-01-08T22:00:00Z,7.582,H
2022-01-08T23:00:00Z,7.848,H
2022-01-09T00:00:00Z,6.708,H
2022-01-09T01:00:00Z,6.994,H
2022-01-09T02:00:00Z,7.011,H
2022-01-09T03:00:00Z,6.37,H
2022-01-09T04:00:00Z,4.722,H
2022-01-09T05:00:00Z,3.49,H
2022-01-09T06:00:00Z,3.525,H
2022-01-09T07:00:00Z,3.525,H
2022-01-09T08:00:00Z,3.507,H
2022-01-09T09:00:00Z,3.683,H
2022-01-09T10:00:00Z,4.206,H
2022-01-09T11:00:00Z,4.744,H
2022-01-09T12:00:00Z,4.675,H
2022-01-09T13:00:00Z,6.011,R
2022-01-09T14:00:00Z,6.104,R
2022-01-09T15:00:00Z,5.536,R
2022-01-09T16:00:00Z,4.796,H
2022-01-09T17:00:00Z,4.363,H
2022-01-09T18:00:00Z,4.067,H
2022-01-09T19:00:00Z,4.189,H
2022-01-09T20:00:00Z,3.893,H
2022-01-09T21:00:00Z,3.84,H
2022-01-09T22:00:00Z,3.49,H
2022-01-09T23:00:00Z,2.854,H
